{"count":4,"results":[{"id":1,"name":"1: University Statement","description":"Dr. 404 an esteemed reseacher at the university has suddenly gone missing. The linked website serves as their official statement about the incident. You having worked for Dr. 404 in the past think their may be something more to his sudden dissapearance.  \r\n\r\nVisit: /PublicNotice to continue","max_attempts":0,"value":10,"category":"Stenography","type":"standard","state":"visible","requirements":null,"connection_info":null,"next_id":2,"attribution":null},{"id":2,"name":"Challenge 2","description":"","max_attempts":0,"value":10,"category":"","type":"standard","state":"visible","requirements":{"prerequisites":[1]},"connection_info":null,"next_id":4,"attribution":null},{"id":3,"name":"Lab Computer","description":"\t\tIntroduction","max_attempts":0,"value":10,"category":"Root Access","type":"standard","state":"visible","requirements":{"prerequisites":[4]},"connection_info":null,"next_id":null,"attribution":null},{"id":4,"name":"Challenge 3","description":"","max_attempts":0,"value":10,"category":"","type":"standard","state":"visible","requirements":{"prerequisites":[2]},"connection_info":null,"next_id":null,"attribution":null}],"meta":{}}