{"count":5,"results":[{"id":1,"challenge_id":1,"type":"static","content":"\"Keep your eyes open for a hidden account - Dr. 404's last research project might hold the key.\"","data":""},{"id":2,"challenge_id":2,"type":"static","content":"null","data":""},{"id":3,"challenge_id":1,"type":"static","content":"Keep your eyes open for a hidden account - Dr. 404's last research project might hold the key.","data":""},{"id":4,"challenge_id":3,"type":"static","content":"dr_404_knows_youre_here","data":""},{"id":5,"challenge_id":4,"type":"static","content":"null","data":""}],"meta":{}}