{"count":2,"results":[{"id":1,"title":"n1dtr@outlook.com","route":"index","content":"<div class=\"row\">\n    <div class=\"col-md-6 offset-md-3\">\n        <img class=\"w-100 mx-auto d-block\" style=\"max-width: 500px;padding: 50px;padding-top: 14vh;\" src=\"/themes/core-beta/static/img/logo.png?d=1027cafa\" />\n        <h3 class=\"text-center\">\n            <p>A cool CTF platform from <a href=\"https://ctfd.io\">ctfd.io</a></p>\n            <p>Follow us on social media:</p>\n            <a href=\"https://twitter.com/ctfdio\"><i class=\"fab fa-twitter fa-2x\" aria-hidden=\"true\"></i></a>&nbsp;\n            <a href=\"https://facebook.com/ctfdio\"><i class=\"fab fa-facebook fa-2x\" aria-hidden=\"true\"></i></a>&nbsp;\n            <a href=\"https://github.com/ctfd\"><i class=\"fab fa-github fa-2x\" aria-hidden=\"true\"></i></a>\n        </h3>\n        <br>\n        <h4 class=\"text-center\">\n            <a href=\"admin\">Click here</a> to login and setup your CTF\n        </h4>\n    </div>\n</div>","draft":0,"hidden":null,"auth_required":null,"format":"markdown","link_target":null},{"id":2,"title":"About Dr. 404","route":"PublicNotice","content":"<!DOCTYPE html>\r\n<html lang=\"en\">\r\n<head>\r\n    <meta charset=\"UTF-8\">\r\n    <meta name=\"viewport\" content=\"width=device-width, initial-scale=1.0\">\r\n    <title>Missing Dr. 404</title>\r\n    <style>\r\n        body {\r\n            font-family: Arial, sans-serif;\r\n            background-color: #f4f4f4;\r\n            margin: 0;\r\n            padding: 0;\r\n        }\r\n        .container {\r\n            width: 80%;\r\n            margin: 0 auto;\r\n            padding: 20px;\r\n        }\r\n        .header {\r\n            text-align: center;\r\n            background-color: #2c3e50;\r\n            color: white;\r\n            padding: 20px;\r\n        }\r\n        .content {\r\n            background-color: white;\r\n            padding: 20px;\r\n            border-radius: 8px;\r\n            box-shadow: 0 4px 8px rgba(0, 0, 0, 0.1);\r\n            margin-top: 20px;\r\n        }\r\n        .image-placeholder {\r\n            width: 100%;\r\n            height: 300px;\r\n            background-color: #e1e1e1;\r\n            margin-bottom: 20px;\r\n            display: flex;\r\n            justify-content: center;\r\n            align-items: center;\r\n            font-size: 18px;\r\n            color: #7f8c8d;\r\n        }\r\n        img {\r\n            display: block;\r\n            margin: 0 auto;\r\n            width: auto;\r\n            max-width: 100%;\r\n            height: auto;\r\n        }\r\n    </style>\r\n</head>\r\n<body>\r\n\r\n    <div class=\"container\">\r\n        <div class=\"header\">\r\n            <h1>University Statement: Missing Dr. 404</h1>\r\n        </div>\r\n\r\n        <div class=\"content\">\r\n            <img src=\"/files/65e35a729c134f2b42dab190d64a2279/dr404.jpeg\" alt=\"Missing Dr. 404\">\r\n            <p>We regret to inform the university community that Dr. 404, a respected faculty member, Dr. 404 has <b>Vanished</b>. Efforts are underway to locate Dr. 404, and we ask that anyone with information come forward.</p>\r\n\r\n            <p>Dr. 404 has been an invaluable part of our academic community, contributing greatly to research, teaching, and mentorship. We remain hopeful that Dr. 404 will be found safe and sound. The university is fully committed to supporting the investigation and assisting the family during this time of uncertainty.</p>\r\n\r\n            <p>We will continue to provide updates as new information becomes available. In the meantime, please keep Dr. 404 and their loved ones in your thoughts.</p>\r\n        </div>\r\n    </div>\r\n\r\n</body>\r\n</html>","draft":0,"hidden":1,"auth_required":0,"format":"html","link_target":null}],"meta":{}}